"userID","difficulty","orden","time","shoots","evens_killed","odds_killed","speed","self_killed","moving_time"
"11062025223807","Exponencial","2","22:46:05","50","6","8","2.25","0","5.08011"
"11062025223807","Exponencial","2","22:46:25","95","15","13","3.375","0","20.7201"
"11062025223807","Exponencial","2","22:46:45","107","17","20","3.375","1","27.56"
"11062025223807","Exponencial","2","22:47:05","115","17","27","3.375","1","42.4601"
"11062025223807","Exponencial","2","22:47:25","126","19","36","3.375","2","52.1"
"11062025223807","Exponencial","2","22:47:45","138","22","43","5.0625","3","61.4"
"11062025223807","Exponencial","2","22:48:05","148","23","53","5.0625","4","67.62"
"11062025223807","Exponencial","2","22:48:25","157","24","61","7.59375","5","77.08"
"11062025223807","Exponencial","2","22:48:45","166","24","70","11.3906","5","86.58"
"16052025133223","Exponencial","2","13:37:50","24","6","5","2.25","0","10.68"
"16052025133223","Exponencial","2","13:38:10","40","9","14","2.25","1","26.04"
"16052025133223","Exponencial","2","13:38:30","56","11","24","3.375","2","32.7401"
"16052025133223","Exponencial","2","13:38:50","71","13","31","5.0625","2","41.3601"
"16052025133223","Exponencial","2","13:39:10","78","17","36","5.0625","4","46.64"
"16052025133223","Exponencial","2","13:39:30","86","18","42","5.0625","5","55.0202"
"16052025133223","Exponencial","2","13:39:50","98","20","50","5.0625","5","59.1001"
"16052025133223","Exponencial","2","13:40:10","106","21","56","7.59375","5","69.7001"
"16052025133223","Exponencial","2","13:40:30","118","22","65","7.59375","5","76.66"
"16052025141140","Exponencial","1","14:15:05","28","1","8","2.25","0","10.44"
"16052025141140","Exponencial","1","14:15:25","32","1","10","3.375","0","21.92"
"16052025141140","Exponencial","1","14:15:45","37","4","12","2.25","0","27.6"
"16052025141140","Exponencial","1","14:16:25","42","4","16","1","0","39.02"
"16052025141140","Exponencial","1","14:16:45","48","5","19","0.666667","0","42.86"
"16052025141140","Exponencial","1","14:17:05","57","5","26","0.666667","0","50.14"
"16052025144307","Lineal","2","14:50:42","6","0","6","2","0","7.33997"
"16052025144307","Lineal","2","14:51:02","8","1","8","2","1","13.32"
"16052025144307","Lineal","2","14:51:22","14","1","13","1","1","18.0399"
"16052025144307","Lineal","2","14:51:42","14","1","14","1","1","18.86"
"16052025144307","Lineal","2","14:52:02","16","1","15","1","1","21.26"
"16052025144307","Lineal","2","14:52:22","17","1","17","1","1","22.1"
"16052025144307","Lineal","2","14:52:42","22","1","22","1","1","27.42"
"16052025144307","Lineal","2","14:53:02","26","1","25","1","1","35.5"
"16052025144307","Lineal","2","14:53:22","30","1","29","1","1","37.5399"
"16052025170309","Exponencial","1","17:05:44","0","1","0","2.25","1","0.379997"
"16052025170309","Exponencial","1","17:06:04","4","3","3","1.5","3","16.04"
"16052025170309","Exponencial","1","17:06:24","12","4","8","1.5","3","28.4"
"16052025170309","Exponencial","1","17:06:44","17","5","12","1.5","3","42.92"
"16052025170309","Exponencial","1","17:07:04","24","5","17","1.5","3","45.94"
"16052025170309","Exponencial","1","17:07:24","25","5","19","1.5","3","47.8399"
"16052025170309","Exponencial","1","17:07:44","29","6","22","1","3","51.02"
"16052025170309","Exponencial","1","17:08:04","31","7","23","1","3","52.7"
"16052025170309","Exponencial","1","17:08:24","35","7","27","0.666667","3","62.82"
"16052025173621","Lineal","2","17:43:44","6","2","3","2","1","17.3404"
"16052025173621","Lineal","2","17:44:06","15","7","4","2","2","43.1802"
"16052025173621","Lineal","2","17:44:28","20","8","6","1","2","51.6797"
"16052025173621","Lineal","2","17:44:50","24","10","6","1","2","63.24"
"16052025173621","Lineal","2","17:45:12","29","12","10","1","4","65.9602"
"16052025173621","Lineal","2","17:45:34","37","14","16","1","4","71.7403"
"16052025173621","Lineal","2","17:45:56","43","16","22","1","6","74.4601"
"16052025173621","Lineal","2","17:46:18","46","17","24","1","7","80.5804"
"16052025173621","Lineal","2","17:46:41","49","18","26","1","8","95.8809"
"16052025230356","Lineal","1","23:05:06","21","0","7","2","0","1.74"
"16052025230356","Lineal","1","23:05:26","27","0","11","2","0","18.78"
"16052025230356","Lineal","1","23:05:46","33","0","16","2","0","25.8"
"16052025230356","Lineal","1","23:06:06","36","0","20","2","0","36.5"
"16052025230356","Lineal","1","23:06:26","42","0","26","2","0","40.68"
"16052025230356","Lineal","1","23:06:46","53","0","37","2","0","50.78"
"16052025230356","Lineal","1","23:07:06","62","0","45","3","0","78.8"
"16052025230356","Lineal","1","23:07:26","71","2","55","4","2","103.32"
"16052025230356","Lineal","1","23:07:46","81","2","65","5","2","118.34"
"17052025085759","Exponencial","1","08:58:30","10","1","7","2.25","0","4.8"
"17052025085759","Exponencial","1","08:58:50","18","3","13","2.25","1","13.3"
"17052025085759","Exponencial","1","08:59:10","24","6","19","2.25","3","16.18"
"17052025085759","Exponencial","1","08:59:30","27","7","22","2.25","4","21.78"
"17052025085759","Exponencial","1","08:59:50","34","9","27","2.25","4","31"
"17052025085759","Exponencial","1","09:00:10","41","9","34","2.25","4","36.18"
"17052025085759","Exponencial","1","09:00:30","48","10","40","2.25","4","39.42"
"17052025085759","Exponencial","1","09:00:50","56","10","48","2.25","4","47.9799"
"17052025085759","Exponencial","1","09:01:10","61","13","50","3.375","4","55.1199"
"17052025105407","Exponencial","3","11:11:44","5","0","2","2.25","0","568.62"
"17052025105407","Exponencial","3","11:12:04","13","0","10","1.5","0","580.98"
"17052025105407","Exponencial","3","11:12:24","18","0","14","2.25","0","596.68"
"17052025105407","Exponencial","3","11:12:44","27","2","21","2.25","1","608.06"
"17052025105407","Exponencial","3","11:13:04","34","3","27","2.25","1","635.42"
"17052025105407","Exponencial","3","11:13:24","38","3","32","2.25","1","645.999"
"17052025105407","Exponencial","3","11:13:44","47","3","40","2.25","1","667.219"
"17052025105407","Exponencial","3","11:14:04","56","3","49","3.375","1","675.279"
"17052025105407","Exponencial","3","11:14:24","61","3","54","5.0625","1","694.599"
"17052025121347","Exponencial","1","12:14:37","5","0","5","2.25","0","4.71999"
"17052025121347","Exponencial","1","12:14:57","12","0","11","2.25","0","24.44"
"17052025121347","Exponencial","1","12:15:17","20","3","18","2.25","3","34.92"
"17052025121347","Exponencial","1","12:15:37","30","3","27","2.25","3","50.3599"
"17052025121347","Exponencial","1","12:15:57","37","3","35","3.375","3","68.2399"
"17052025121347","Exponencial","1","12:16:17","49","3","46","5.0625","3","70.4799"
"17052025121347","Exponencial","1","12:16:37","56","6","53","7.59375","6","80.5399"
"17052025121347","Exponencial","1","12:16:57","67","8","63","7.59375","8","97.4199"
"17052025121347","Exponencial","1","12:17:17","74","9","69","11.3906","9","110.14"
"17052025142311","Lineal","2","14:30:18","41","6","9","2","0","9.33987"
"17052025142311","Lineal","2","14:30:38","48","10","14","3","1","15.3799"
"17052025214049","Lineal","1","21:41:15","1","0","1","2","0","6.7"
"17052025214049","Lineal","1","21:41:35","16","2","7","1","1","14.72"
"17052025214049","Lineal","1","21:41:55","22","3","12","1","1","27.98"
"17052025214049","Lineal","1","21:42:15","28","5","16","1","1","31.28"
"17052025214049","Lineal","1","21:42:35","29","5","17","1","1","33.18"
"17052025214049","Lineal","1","21:42:55","35","6","22","1","1","41.32"
"17052025214049","Lineal","1","21:43:16","39","7","25","1","1","44.12"
"17052025214049","Lineal","1","21:43:36","43","7","29","1","1","58.74"
"17052025214049","Lineal","1","21:43:56","50","7","35","1","1","68.24"
"18052025003020","Lineal","2","00:36:52","7","0","6","2","0","3.48001"
"18052025003020","Lineal","2","00:37:12","13","2","11","2","1","14.68"
"18052025003020","Lineal","2","00:37:32","20","2","17","2","1","24.5601"
"18052025003020","Lineal","2","00:37:52","27","2","25","2","1","35.3001"
"18052025003020","Lineal","2","00:38:12","36","2","32","3","1","40.4201"
"18052025003020","Lineal","2","00:38:32","42","2","37","3","1","45.1601"
"18052025003020","Lineal","2","00:38:52","54","2","49","3","1","56.9201"
"18052025003020","Lineal","2","00:39:12","59","2","53","4","1","66.8"
"18052025003020","Lineal","2","00:39:32","65","2","60","4","1","71.1201"
"18052025101033","Lineal","1","10:11:27","32","9","7","2","0","11.16"
"18052025101033","Lineal","1","10:11:47","59","16","15","2","0","19.84"
"18052025101033","Lineal","1","10:12:07","74","21","22","3","2","23.82"
"18052025101033","Lineal","1","10:12:27","82","24","27","3","3","29.28"
"18052025101033","Lineal","1","10:12:47","93","24","34","3","3","33.64"
"18052025101033","Lineal","1","10:13:07","105","25","43","3","3","37.9799"
"18052025101033","Lineal","1","10:13:27","114","27","49","4","4","45.6199"
"18052025101033","Lineal","1","10:13:47","123","27","56","4","4","59.06"
"18052025101033","Lineal","1","10:14:07","134","27","66","4","4","65.2199"
"18052025112128","Exponencial","2","11:33:36","9","0","5","2.25","0","2.06"
"18052025112128","Exponencial","2","11:33:56","15","0","9","2.25","0","14.1399"
"18052025112128","Exponencial","2","11:34:16","16","0","10","2.25","0","18.2"
"18052025112128","Exponencial","2","11:34:36","24","2","16","1.5","0","26.16"
"18052025112128","Exponencial","2","11:34:56","27","2","18","1.5","0","33.2601"
"18052025112128","Exponencial","2","11:35:16","38","2","27","1","0","36.4002"
"18052025112128","Exponencial","2","11:35:36","43","2","30","1.5","0","39.3202"
"18052025112128","Exponencial","2","11:35:56","49","2","35","1.5","0","44.5403"
"18052025112128","Exponencial","2","11:36:16","58","3","41","1.5","0","48.3602"
"18052025122259","Exponencial","2","12:32:02","10","2","1","2.25","1","0.360016"
"18052025122259","Exponencial","2","12:32:23","42","9","3","1.5","2","6.10001"
"18052025122259","Exponencial","2","12:32:43","50","12","5","1","3","7.38"
"18052025122259","Exponencial","2","12:33:03","72","16","10","0.666667","3","8.34"
"18052025122259","Exponencial","2","12:33:23","88","18","15","0.666667","4","9.23996"
"18052025122259","Exponencial","2","12:33:43","95","18","16","0.666667","4","10.0799"
"18052025122259","Exponencial","2","12:34:03","100","18","19","0.444444","4","10.9199"
"18052025122259","Exponencial","2","12:34:23","104","19","22","0.444444","4","12.9399"
"18052025122259","Exponencial","2","12:34:43","107","19","25","0.444444","4","14.7599"
"18052025214713","Lineal","2","21:55:30","9","3","4","2","1","470.5"
"18052025214713","Lineal","2","21:55:50","18","5","11","2","3","475.68"
"18052025214713","Lineal","2","21:56:10","24","5","16","2","3","478.5"
"18052025214713","Lineal","2","21:56:30","30","5","22","2","3","487.26"
"18052025214713","Lineal","2","21:56:50","34","6","25","2","3","491.42"
"18052025214713","Lineal","2","21:57:10","35","6","26","2","3","493.4"
"18052025214713","Lineal","2","21:57:30","39","6","30","1","3","502.361"
"18052025214713","Lineal","2","21:57:50","43","6","33","1","3","505.981"
"18052025214713","Lineal","2","21:58:10","44","6","35","1","3","506.801"
"18052025233120","Lineal","1","23:32:03","8","0","4","2","0","3.44"
"18052025233120","Lineal","1","23:32:23","16","0","11","2","0","7.88"
"18052025233120","Lineal","1","23:32:43","21","0","16","2","0","10.48"
"18052025233120","Lineal","1","23:33:03","23","0","18","2","0","13.88"
"18052025233120","Lineal","1","23:33:23","27","0","22","1","0","18.2"
"18052025233120","Lineal","1","23:33:43","32","0","23","1","0","21.82"
"18052025233120","Lineal","1","23:34:03","38","0","29","1","0","27.6799"
"18052025233120","Lineal","1","23:34:23","40","0","31","1","0","40.9199"
"18052025233120","Lineal","1","23:34:43","45","0","36","1","0","43.4999"
"19052025151245","Exponencial","1","15:13:24","3","3","0","2.25","0","4.61999"
"19052025151245","Exponencial","1","15:13:44","12","4","6","1.5","0","16.2"
"19052025151245","Exponencial","1","15:14:04","17","7","8","1.5","0","23"
"19052025151245","Exponencial","1","15:14:24","22","10","10","1","0","29.26"
"19052025151245","Exponencial","1","15:14:44","26","10","13","0.666667","0","36.44"
"19052025151245","Exponencial","1","15:15:04","66","10","15","0.666667","0","41.3599"
"19052025151245","Exponencial","1","15:15:24","75","10","20","0.444444","0","51.7599"
"19052025151245","Exponencial","1","15:15:44","79","10","22","0.444444","0","56.4399"
"19052025151245","Exponencial","1","15:16:04","83","10","27","0.296296","0","69.64"
"19052025152611","Lineal","1","15:27:22","15","1","3","2","0","6.94"
"19052025154449","Exponencial","1","15:45:33","3","0","3","2.25","0","9.89999"
"19052025154449","Exponencial","1","15:45:53","14","1","13","2.25","0","14.94"
"19052025154449","Exponencial","1","15:46:13","19","1","18","3.375","0","21.54"
"19052025154449","Exponencial","1","15:46:33","25","1","24","3.375","0","28.02"
"19052025154449","Exponencial","1","15:46:53","34","4","31","3.375","2","39"
"19052025154449","Exponencial","1","15:47:13","47","5","38","3.375","3","43.26"
"19052025154449","Exponencial","1","15:47:33","56","5","47","3.375","3","56.66"
"19052025154449","Exponencial","1","15:47:53","68","7","57","5.0625","5","68.1"
"19052025154449","Exponencial","1","15:48:14","76","7","65","7.59375","5","80.5"
"19052025162224","Exponencial","2","16:27:23","6","0","6","2.25","0","4.29997"
"19052025162224","Exponencial","2","16:27:43","10","0","10","2.25","0","17.88"
"19052025162224","Exponencial","2","16:28:03","17","0","16","2.25","0","29.5399"
"19052025162224","Exponencial","2","16:28:23","25","0","23","2.25","0","34.72"
"19052025162224","Exponencial","2","16:28:43","31","0","30","2.25","0","41.68"
"19052025162224","Exponencial","2","16:29:03","38","0","36","2.25","0","46.06"
"19052025162224","Exponencial","2","16:29:23","47","1","44","2.25","0","60.5201"
"19052025162224","Exponencial","2","16:29:43","56","1","52","3.375","0","68.0601"
"19052025162224","Exponencial","2","16:30:03","64","1","59","5.0625","0","82.7599"
"19052025165032","Lineal","2","16:56:08","11","2","5","2","0","24.1597"
"19052025165032","Lineal","2","16:56:29","18","3","12","2","0","36.4194"
"19052025165032","Lineal","2","16:56:49","21","3","13","2","0","39.3791"
"19052025165032","Lineal","2","16:57:09","26","3","18","1","0","50.6593"
"19052025165032","Lineal","2","16:57:29","28","4","19","1","0","58.8193"
"19052025165032","Lineal","2","16:57:49","31","4","22","1","0","66.5595"
"19052025165032","Lineal","2","16:58:09","37","4","28","1","0","77.7594"
"19052025165032","Lineal","2","16:58:29","47","5","35","1","0","88.3191"
"19052025165032","Lineal","2","16:58:49","51","6","37","1","0","96.319"
"19052025170243","Lineal","1","17:03:38","12","1","4","2","0","7.70002"
"19052025170243","Lineal","1","17:03:58","17","2","7","2","0","16.42"
"19052025170243","Lineal","1","17:04:18","27","4","12","2","1","37.46"
"19052025171431","Lineal","2","17:19:50","14","0","7","2","0","236.7"
"19052025171431","Lineal","2","17:20:10","19","0","11","2","0","238.96"
"19052025171431","Lineal","2","17:20:30","28","1","19","2","0","248.76"
"19052025171431","Lineal","2","17:20:50","35","4","24","3","3","258.22"
"19052025173137","Exponencial","3","17:41:23","7","2","5","2.25","0","38.56"
"19052025173137","Exponencial","3","17:41:43","12","2","10","2.25","0","99.8799"
"19052025173137","Exponencial","3","17:42:03","16","2","13","2.25","0","105.72"
"19052025173137","Exponencial","3","17:42:23","22","5","18","2.25","2","139.42"
"19052025173137","Exponencial","3","17:42:43","26","5","22","2.25","2","139.42"
"19052025173137","Exponencial","3","17:43:03","34","5","30","2.25","2","143.9"
"19052025173137","Exponencial","3","17:43:23","44","6","38","3.375","2","155.38"
"19052025173137","Exponencial","3","17:43:43","52","8","44","5.0625","2","156.5"
"19052025173137","Exponencial","3","17:44:03","66","10","55","5.0625","3","179.34"
"19052025192645","Exponencial","1","19:27:26","45","8","8","2.25","0","7.14"
"19052025193741","Lineal","1","19:38:20","7","0","4","2","0","10.52"
"19052025193741","Lineal","1","19:38:40","15","0","13","2","0","21.26"
"19052025193741","Lineal","1","19:39:00","20","3","18","3","3","24.12"
"19052025193741","Lineal","1","19:39:20","30","3","28","3","3","30.04"
"19052025193741","Lineal","1","19:39:40","42","5","36","4","3","36"
"19052025193741","Lineal","1","19:40:00","51","5","45","5","3","49.56"
"19052025193741","Lineal","1","19:40:20","65","6","57","6","3","57.54"
"19052025193741","Lineal","1","19:40:40","77","7","66","7","3","67.4599"
"19052025193741","Lineal","1","19:41:00","92","7","80","8","3","77.8199"
"19052025200030","Lineal","1","20:01:17","9","3","4","2","1","9.24003"
"19052025200030","Lineal","1","20:01:37","17","4","9","2","1","18.0599"
"19052025200030","Lineal","1","20:01:57","23","4","15","2","1","30.3199"
"19052025200030","Lineal","1","20:02:17","27","4","18","2","1","34.1198"
"19052025200030","Lineal","1","20:02:37","34","4","26","2","1","44.1994"
"19052025200030","Lineal","1","20:02:57","40","5","30","3","1","48.5194"
"19052025200030","Lineal","1","20:03:17","46","5","36","3","1","56.9793"
"19052025200030","Lineal","1","20:03:38","49","6","39","3","2","60.3992"
"19052025200030","Lineal","1","20:03:58","57","6","46","3","2","65.9993"
"19052025205047","Lineal","1","20:52:08","4","0","3","2","0","1.45999"
"19052025205047","Lineal","1","20:52:28","11","0","10","2","0","7.63998"
"19052025205047","Lineal","1","20:52:48","17","0","16","2","0","15.48"
"19052025205047","Lineal","1","20:53:08","21","1","19","2","1","20.68"
"19052025205047","Lineal","1","20:53:28","29","1","27","2","1","23.74"
"19052025205047","Lineal","1","20:53:48","32","1","30","3","1","26.26"
"19052025205047","Lineal","1","20:54:08","38","1","36","3","1","32.76"
"19052025205047","Lineal","1","20:54:28","44","1","42","3","1","35.82"
"19052025205047","Lineal","1","20:54:48","57","1","54","3","1","41.14"
"19052025213210","Exponencial","1","21:33:10","7","0","3","2.25","0","93.92"
"19052025213210","Exponencial","1","21:33:30","13","0","10","2.25","0","107.84"
"19052025213210","Exponencial","1","21:33:50","17","0","14","2.25","0","161.36"
"19052025213210","Exponencial","1","21:34:10","21","0","18","2.25","0","167.34"
"19052025213210","Exponencial","1","21:34:30","24","0","21","2.25","0","173.9"
"19052025213210","Exponencial","1","21:34:50","32","0","29","2.25","0","184.6"
"19052025213210","Exponencial","1","21:35:10","35","0","32","3.375","0","195.6"
"19052025213210","Exponencial","1","21:35:30","47","0","41","3.375","0","213.26"
"19052025213210","Exponencial","1","21:35:50","57","1","50","5.0625","0","217.72"
"19052025221021","Lineal","2","22:15:15","3","0","3","2","0","5.59998"
"19052025221021","Lineal","2","22:15:35","11","0","10","2","0","9.39996"
"19052025221021","Lineal","2","22:15:55","17","0","16","2","0","13.0999"
"19052025221021","Lineal","2","22:16:15","22","0","21","2","0","17.76"
"19052025221021","Lineal","2","22:16:35","29","0","28","2","0","23.82"
"19052025221021","Lineal","2","22:16:55","39","0","37","2","0","28.2"
"19052025221021","Lineal","2","22:17:15","46","0","44","3","0","35.98"
"19052025221021","Lineal","2","22:17:35","51","0","49","3","0","40.16"
"19052025221021","Lineal","2","22:17:55","59","0","56","3","0","44.66"
"19052025222018","Exponencial","2","22:25:55","6","0","5","2.25","0","236.74"
"19052025222018","Exponencial","2","22:26:15","13","0","12","2.25","0","245.5"
"19052025222018","Exponencial","2","22:26:35","17","0","16","2.25","0","255.16"
"19052025222018","Exponencial","2","22:26:55","23","0","22","2.25","0","268.66"
"19052025222018","Exponencial","2","22:27:15","27","1","26","2.25","1","273.34"
"19052025222018","Exponencial","2","22:27:35","36","2","35","2.25","2","278.98"
"19052025222018","Exponencial","2","22:27:55","46","2","44","3.375","2","283.72"
"19052025222018","Exponencial","2","22:28:15","53","2","49","5.0625","2","291.62"
"19052025222018","Exponencial","2","22:28:35","63","2","60","5.0625","2","302.88"
"20052025174026","Lineal","3","17:51:27","45","8","9","2","0","9.85992"
"20052025211747","Exponencial","2","21:23:42","3","0","2","2.25","0","8.81989"
"20052025211747","Exponencial","2","21:24:02","13","0","9","1.5","0","16.2599"
"20052025211747","Exponencial","2","21:24:22","14","0","10","1.5","0","28.8799"
"20052025211747","Exponencial","2","21:24:42","20","0","15","1","0","38.2598"
"20052025211747","Exponencial","2","21:25:02","28","1","21","1","0","51.4398"
"20052025211747","Exponencial","2","21:25:22","29","1","23","1","0","53.8599"
"20052025211747","Exponencial","2","21:25:42","36","1","28","0.666667","0","56.8199"
"20052025211747","Exponencial","2","21:26:02","39","1","31","0.666667","0","60.08"
"20052025211747","Exponencial","2","21:26:22","39","1","31","0.666667","0","60.32"
"20052025225449","Exponencial","1","22:55:39","6","1","5","2.25","0","8.83999"
"20052025225449","Exponencial","1","22:55:59","16","2","12","2.25","0","15.24"
"20052025225449","Exponencial","1","22:56:19","21","2","17","2.25","0","27.64"
"20052025225449","Exponencial","1","22:56:39","28","2","24","2.25","0","33.1199"
"20052025225449","Exponencial","1","22:56:59","33","2","29","2.25","0","39.9399"
"20052025225449","Exponencial","1","22:57:19","37","2","33","2.25","0","46.3199"
"20052025225449","Exponencial","1","22:57:39","42","2","38","2.25","0","49.0199"
"20052025225449","Exponencial","1","22:57:59","53","3","47","2.25","0","54.72"
"20052025225449","Exponencial","1","22:58:19","58","6","51","3.375","3","60.94"
"22052025192015","Exponencial","2","19:38:18","7","0","5","2.25","0","7.34009"
"22052025192015","Exponencial","2","19:38:38","19","2","14","2.25","0","15.6"
"22052025192015","Exponencial","2","19:38:58","27","2","20","3.375","0","22.72"
"22052025192015","Exponencial","2","19:39:18","34","2","28","3.375","0","27.12"
"22052025192015","Exponencial","2","19:39:38","46","2","39","5.0625","0","35.1399"
"22052025192015","Exponencial","2","19:39:58","53","3","45","7.59375","0","39.1399"
"22052025192015","Exponencial","2","19:40:18","62","3","53","7.59375","0","56.4397"
"22052025192015","Exponencial","2","19:40:38","85","7","61","11.3906","1","62.2197"
"22052025192015","Exponencial","2","19:40:58","97","10","66","17.0859","2","74.9997"
"22052025194203","Exponencial","3","19:52:17","2","3","1","2.25","2","6.54004"
"22052025194203","Exponencial","3","19:52:37","7","3","5","1.5","2","9.58002"
"22052025194203","Exponencial","3","19:52:57","13","3","12","1.5","2","14.4001"
"22052025194203","Exponencial","3","19:53:17","13","3","12","1.5","2","17.7001"
"22052025194203","Exponencial","3","19:53:37","19","4","17","1","2","21.4"
"22052025194203","Exponencial","3","19:53:58","20","6","18","1","4","26.14"
"22052025194203","Exponencial","3","19:54:18","30","6","25","0.666667","4","33.5"
"22052025194203","Exponencial","3","19:54:38","33","6","28","0.666667","4","39.6599"
"22052025194203","Exponencial","3","19:54:58","38","6","31","0.666667","4","48.7798"
"22052025200217","Exponencial","3","20:14:19","3","0","3","2.25","0","4.91998"
"22052025200217","Exponencial","3","20:14:39","13","1","12","2.25","1","15.2001"
"22052025200217","Exponencial","3","20:14:59","23","2","22","3.375","1","18.8802"
"22052025200217","Exponencial","3","20:15:19","40","3","36","5.0625","1","27.7802"
"22052025200217","Exponencial","3","20:15:39","54","5","47","7.59375","2","38.2401"
"22052025200217","Exponencial","3","20:15:59","62","5","56","11.3906","2","49.4803"
"22052025200217","Exponencial","3","20:16:19","69","5","63","17.0859","2","61.6404"
"22052025200217","Exponencial","3","20:16:39","74","7","67","17.0859","4","75.1803"
"22052025200217","Exponencial","3","20:16:59","82","8","73","17.0859","5","82.3002"
"22052025212928","Exponencial","3","21:42:07","14","2","3","2.25","0","5.60004"
"22052025212928","Exponencial","3","21:42:27","19","3","8","2.25","0","27.5201"
"22052025212928","Exponencial","3","21:42:47","27","3","16","2.25","0","38.0602"
"22052025212928","Exponencial","3","21:43:07","34","4","23","3.375","1","51.7799"
"22052025212928","Exponencial","3","21:43:27","39","5","28","3.375","2","57.0199"
"22052025212928","Exponencial","3","21:43:47","49","6","37","3.375","2","67.4199"
"22052025212928","Exponencial","3","21:44:07","58","6","45","5.0625","2","83.7397"
"22052025212928","Exponencial","3","21:44:27","66","6","53","7.59375","2","86.6197"
"22052025212928","Exponencial","3","21:44:47","73","6","60","11.3906","2","107.58"
"22052025232631","Lineal","2","23:33:19","46","9","6","2","0","538.78"
"22052025232631","Lineal","2","23:33:39","86","16","12","2","2","544.06"
"22052025232631","Lineal","2","23:33:59","107","22","20","2","2","567.62"
"22052025232631","Lineal","2","23:34:19","125","22","34","3","2","586.34"
"22052025232631","Lineal","2","23:34:39","132","24","39","4","2","606.099"
"22052025232631","Lineal","2","23:34:59","142","25","46","4","2","621.5"
"22052025232631","Lineal","2","23:35:19","149","25","52","4","2","746.059"
"22052025232631","Lineal","2","23:35:39","158","25","60","4","2","769.3"
"22052025232631","Lineal","2","23:35:59","168","25","71","5","2","783.42"
"23052025083555","Exponencial","2","08:47:27","1","0","1","2.25","0","1145.6"
"23052025083555","Exponencial","2","08:47:47","10","0","7","1.5","0","1158.3"
"23052025083555","Exponencial","2","08:48:07","15","1","12","1.5","1","1184.48"
"23052025083555","Exponencial","2","08:48:27","18","1","15","1.5","1","1208"
"23052025083555","Exponencial","2","08:48:47","27","1","23","1.5","1","1229.64"
"23052025083555","Exponencial","2","08:49:07","35","3","29","2.25","1","1230.98"
"23052025083555","Exponencial","2","08:49:27","43","3","35","2.25","1","1246.72"
"23052025083555","Exponencial","2","08:49:47","50","3","42","2.25","1","1257.52"
"23052025083555","Exponencial","2","08:50:07","64","6","53","2.25","2","1290.26"
"23052025113252","Exponencial","1","11:33:52","3","1","1","2.25","1","2.12"
"23052025113252","Exponencial","1","11:34:17","8","1","5","1.5","1","7.78001"
"23052025113252","Exponencial","1","11:34:37","14","3","9","1.5","1","10.9"
"23052025113252","Exponencial","1","11:34:57","22","3","16","1.5","1","18.26"
"23052025113252","Exponencial","1","11:35:17","26","4","19","1.5","2","20.58"
"23052025113252","Exponencial","1","11:35:39","28","5","20","1.5","3","24.1"
"23052025113559","Lineal","3","11:46:20","29","7","7","2","0","7.6199"
"23052025113559","Lineal","3","11:46:40","58","16","13","2","0","14.3999"
"23052025113559","Lineal","3","11:47:00","78","24","21","2","0","23.6797"
"23052025113559","Lineal","3","11:47:20","109","35","32","3","0","32.6197"
"23052025113559","Lineal","3","11:47:40","134","43","43","4","0","40.6799"
"23052025120242","Lineal","2","12:08:42","10","1","7","2","0","9.47989"
"23052025120242","Lineal","2","12:09:02","11","2","9","2","1","15.4999"
"23052025120242","Lineal","2","12:09:22","14","2","12","1","1","22.0999"
"23052025120242","Lineal","2","12:09:42","17","2","15","1","1","32.74"
"23052025120242","Lineal","2","12:10:02","21","2","17","1","1","39.08"
"23052025120242","Lineal","2","12:10:22","23","2","21","1","1","51.68"
"23052025120242","Lineal","2","12:10:42","23","2","21","1","1","53.26"
"23052025120242","Lineal","2","12:11:02","26","2","23","1","1","54.88"
"23052025120242","Lineal","2","12:11:22","31","2","28","1","1","56.92"
"23052025122629","Lineal","1","12:27:24","3","0","2","2","0","3.76001"
"23052025122629","Lineal","1","12:27:44","7","2","6","1","2","5.90001"
"23052025122629","Lineal","1","12:28:04","13","3","11","1","2","7.88001"
"23052025122629","Lineal","1","12:28:24","15","3","13","1","2","10.7"
"23052025122629","Lineal","1","12:28:44","16","3","13","1","2","11.06"
"23052025122629","Lineal","1","12:29:04","21","4","17","1","2","17.66"
"23052025122629","Lineal","1","12:29:24","22","4","19","1","2","18.68"
"23052025122629","Lineal","1","12:29:44","24","5","21","1","3","19"
"23052025122629","Lineal","1","12:30:04","25","5","22","1","3","21.64"
"23052025123737","Lineal","1","12:39:06","4","0","4","2","0","120.14"
"23052025123737","Lineal","1","12:39:26","11","0","11","2","0","139.26"
"23052025123737","Lineal","1","12:39:46","15","0","15","2","0","147.14"
"23052025123737","Lineal","1","12:40:06","22","0","22","2","0","153.96"
"23052025123737","Lineal","1","12:40:26","27","1","27","2","1","160.62"
"23052025123737","Lineal","1","12:40:46","34","2","34","2","2","173.3"
"23052025123737","Lineal","1","12:41:06","41","2","40","2","2","212.56"
"23052025125924","Exponencial","1","13:00:16","41","3","8","2.25","0","2.17999"
"23052025132110","Lineal","2","13:26:33","9","0","9","2","0","19.76"
"23052025132110","Lineal","2","13:26:53","15","0","13","3","0","32.84"
"23052025132110","Lineal","2","13:27:13","19","3","18","3","3","38.96"
"23052025141930","Lineal","1","14:20:35","6","2","4","2","0","5.36002"
"23052025141930","Lineal","1","14:20:55","8","4","6","2","2","10.64"
"23052025141930","Lineal","1","14:21:15","12","4","10","1","2","20.08"
"23052025141930","Lineal","1","14:21:35","20","4","18","1","2","23.34"
"23052025141930","Lineal","1","14:22:03","26","4","24","2","2","37.1999"
"23052025141930","Lineal","1","14:22:23","31","5","28","2","2","38.4999"
"23052025141930","Lineal","1","14:22:43","36","5","33","2","2","47.7799"
"23052025141930","Lineal","1","14:23:03","42","8","37","2","5","60.8798"
"23052025141930","Lineal","1","14:23:23","53","9","48","2","6","83.7998"
"23052025150608","Lineal","1","15:06:43","0","3","0","2","3","0"
"23052025150608","Lineal","1","15:07:03","0","4","0","1","4","0"
"23052025161031","Exponencial","1","16:11:28","29","6","6","2.25","0","10.12"
"23052025161031","Exponencial","1","16:11:48","50","13","16","2.25","0","15.44"
"23052025161759","Exponencial","3","16:29:52","2","0","2","2.25","0","3.70001"
"23052025161759","Exponencial","3","16:30:12","7","2","5","1.5","2","8.8598"
"23052025161759","Exponencial","3","16:30:32","14","4","11","1.5","3","12.6398"
"23052025161759","Exponencial","3","16:30:52","20","5","16","1.5","3","17.3798"
"23052025161759","Exponencial","3","16:31:12","26","5","20","1.5","3","24.8198"
"23052025161759","Exponencial","3","16:31:32","34","7","27","1.5","4","27.2599"
"23052025161759","Exponencial","3","16:31:52","44","9","34","1.5","4","42.1799"
"23052025161759","Exponencial","3","16:32:12","55","11","40","1.5","4","45.4598"
"23052025161759","Exponencial","3","16:32:32","64","11","48","1.5","4","49.8597"
"23052025175157","Exponencial","2","17:59:13","10","0","5","2.25","0","3.12"
"23052025175157","Exponencial","2","17:59:33","18","1","12","2.25","0","7.48004"
"23052025175157","Exponencial","2","17:59:53","30","2","22","2.25","1","11.78"
"23052025175157","Exponencial","2","18:00:13","38","2","30","3.375","1","17.2"
"23052025175157","Exponencial","2","18:00:33","49","4","37","5.0625","2","21.64"
"23052025175157","Exponencial","2","18:00:53","63","5","47","5.0625","2","27.8601"
"23052025175157","Exponencial","2","18:01:13","73","5","55","7.59375","2","36.0201"
"23052025175157","Exponencial","2","18:01:33","81","5","62","11.3906","2","40.9801"
"23052025175157","Exponencial","2","18:01:53","89","6","68","11.3906","3","48.96"
"23052025191751","Exponencial","3","19:31:14","6","0","6","2.25","0","4.46002"
"23052025191751","Exponencial","3","19:31:34","13","0","13","2.25","0","8.58008"
"23052025191751","Exponencial","3","19:31:54","21","0","21","2.25","0","13.0599"
"23052025191751","Exponencial","3","19:32:14","26","0","26","3.375","0","15.5797"
"23052025191751","Exponencial","3","19:32:34","40","0","38","3.375","0","21.4597"
"23052025191751","Exponencial","3","19:32:54","54","1","49","5.0625","0","26.5597"
"23052025191751","Exponencial","3","19:33:14","63","1","58","7.59375","0","33.0197"
"23052025191751","Exponencial","3","19:33:34","70","2","65","11.3906","1","42.0196"
"23052025191751","Exponencial","3","19:33:54","77","3","71","11.3906","1","50.4196"
"23052025213012","Exponencial","1","21:31:01","3","0","2","2.25","0","5.48"
"23052025213012","Exponencial","1","21:31:21","10","0","9","1.5","0","10.68"
"23052025213012","Exponencial","1","21:31:41","14","3","12","1.5","3","14.56"
"23052025213012","Exponencial","1","21:32:01","22","4","19","1.5","3","23.52"
"23052025213012","Exponencial","1","21:32:21","28","4","24","1.5","3","29.18"
"23052025213012","Exponencial","1","21:32:41","39","4","32","1.5","3","34.08"
"23052025213012","Exponencial","1","21:33:01","46","6","37","2.25","4","41.18"
"23052025213012","Exponencial","1","21:33:21","54","9","44","2.25","6","48.6199"
"23052025213012","Exponencial","1","21:33:41","58","10","48","2.25","7","59.2199"
"23052025220159","Lineal","1","22:02:28","3","1","1","2","0","7.03999"
"23052025220159","Lineal","1","22:02:48","6","1","5","1","0","8.33999"
"23052025220159","Lineal","1","22:03:08","12","1","11","1","0","14.2"
"23052025220159","Lineal","1","22:03:28","14","1","13","1","0","17.72"
"23052025220159","Lineal","1","22:03:48","15","1","14","1","0","18.6"
"23052025220159","Lineal","1","22:04:08","19","2","17","1","0","24.04"
"23052025220159","Lineal","1","22:04:28","22","2","19","1","0","29.38"
"23052025220159","Lineal","1","22:04:48","24","4","21","1","2","30.26"
"23052025220159","Lineal","1","22:05:08","30","4","26","1","2","33.42"
"23052025233132","Lineal","3","23:43:42","6","2","4","2","0","3.72003"
"23052025233132","Lineal","3","23:44:02","12","4","9","2","2","7.94"
"23052025233132","Lineal","3","23:44:22","16","4","14","2","2","14.7401"
"23052025233132","Lineal","3","23:44:42","19","5","17","2","3","20.8801"
"23052025233132","Lineal","3","23:45:02","26","7","23","2","4","29.1001"
"23052025233132","Lineal","3","23:45:22","37","9","29","2","4","36.2601"
"23052025233132","Lineal","3","23:45:42","44","11","33","2","5","39.48"
"23052025233132","Lineal","3","23:46:02","48","12","37","2","6","44.1199"
"23052025233132","Lineal","3","23:46:22","53","12","41","2","6","51.9597"
"24052025102123","Exponencial","1","10:22:22","32","5","7","2.25","0","4.14"
"24052025102123","Exponencial","1","10:22:42","56","15","10","2.25","0","8.74"
"24052025102123","Exponencial","1","10:23:02","60","18","11","2.25","2","16.3"
"24052025102123","Exponencial","1","10:23:22","66","18","17","1.5","2","19.58"
"24052025102123","Exponencial","1","10:23:42","72","19","21","1.5","3","22.5001"
"24052025102123","Exponencial","1","10:24:02","76","19","24","1.5","3","24.9801"
"24052025102123","Exponencial","1","10:24:22","78","19","27","1.5","3","27.0401"
"24052025102123","Exponencial","1","10:24:42","84","20","31","1.5","3","31.88"
"24052025102123","Exponencial","1","10:25:02","92","20","39","1.5","3","44.64"
"24052025122041","Lineal","2","12:26:58","26","3","8","2","0","7.87991"
"24052025122041","Lineal","2","12:27:18","30","5","10","3","0","11.5999"
"24052025122041","Lineal","2","12:27:38","35","6","16","2","1","16.4598"
"24052025122041","Lineal","2","12:27:58","46","9","23","2","2","29.2998"
"24052025122041","Lineal","2","12:28:18","50","9","28","2","2","36.9998"
"24052025122041","Lineal","2","12:28:38","63","11","37","2","2","42.6398"
"24052025122041","Lineal","2","12:28:58","75","11","49","3","2","52.1998"
"24052025122041","Lineal","2","12:29:18","83","12","56","4","2","59.7397"
"24052025122041","Lineal","2","12:29:38","94","13","65","4","2","68.0796"
"24052025175320","Exponencial","3","18:04:53","7","0","7","2.25","0","5.70001"
"24052025175320","Exponencial","3","18:05:13","11","0","11","2.25","0","10.7599"
"24052025175320","Exponencial","3","18:05:33","16","0","16","2.25","0","15.0596"
"24052025175320","Exponencial","3","18:05:53","27","0","25","2.25","0","19.7995"
"24052025175320","Exponencial","3","18:06:13","30","1","28","3.375","1","23.0394"
"24052025175320","Exponencial","3","18:06:33","37","2","33","3.375","2","31.0794"
"24052025175320","Exponencial","3","18:06:53","42","2","39","3.375","2","36.7394"
"24052025175320","Exponencial","3","18:07:13","58","3","48","3.375","3","48.1392"
"24052025175320","Exponencial","3","18:07:33","66","5","54","5.0625","4","51.8795"
"25052025120744","Exponencial","1","12:08:25","16","0","7","2.25","0","73.54"
"25052025120744","Exponencial","1","12:08:45","22","2","11","2.25","0","83.6"
"25052025120744","Exponencial","1","12:09:05","29","3","16","2.25","0","94.1"
"25052025120744","Exponencial","1","12:09:25","35","3","21","2.25","0","108.84"
"25052025120744","Exponencial","1","12:09:45","44","4","27","2.25","0","135.56"
"25052025120744","Exponencial","1","12:10:05","54","6","34","2.25","0","149.34"
"25052025120744","Exponencial","1","12:10:25","60","7","38","2.25","0","155"
"25052025120744","Exponencial","1","12:10:45","67","8","44","2.25","0","168.6"
"25052025120744","Exponencial","1","12:11:05","72","9","48","2.25","0","186.82"
"25052025132617","Exponencial","2","13:33:03","6","0","6","2.25","0","2.03995"
"25052025132617","Exponencial","2","13:33:23","13","2","12","2.25","2","9.11987"
"25052025132617","Exponencial","2","13:33:43","18","2","15","2.25","2","11.6399"
"25052025132617","Exponencial","2","13:34:03","27","2","24","2.25","2","15.1999"
"25052025132617","Exponencial","2","13:34:23","32","2","30","3.375","2","19.1999"
"25052025132617","Exponencial","2","13:34:43","39","2","36","3.375","2","30.5599"
"25052025132617","Exponencial","2","13:35:03","46","6","41","3.375","5","33.6599"
"25052025132617","Exponencial","2","13:35:23","49","8","44","3.375","7","40.3999"
"25052025132617","Exponencial","2","13:35:43","59","11","51","3.375","8","46.0999"
"25052025173139","Exponencial","1","17:32:41","12","0","5","2.25","0","4.06"
"25052025173139","Exponencial","1","17:33:01","17","0","9","2.25","0","10.72"
"25052025173139","Exponencial","1","17:33:21","21","0","12","2.25","0","14.28"
"25052025173139","Exponencial","1","17:33:41","32","0","22","2.25","0","20.22"
"25052025173139","Exponencial","1","17:34:01","40","0","29","3.375","0","23.94"
"25052025173139","Exponencial","1","17:34:21","46","1","34","3.375","1","32.18"
"25052025173139","Exponencial","1","17:34:41","56","2","41","3.375","2","44.12"
"25052025213433","Lineal","3","21:45:19","3","1","1","2","0","1.85999"
"25052025213433","Lineal","3","21:45:39","11","1","9","1","0","9.15994"
"25052025213433","Lineal","3","21:45:59","15","1","13","2","0","11.3"
"25052025213433","Lineal","3","21:46:19","27","1","24","2","0","18.0399"
"25052025213433","Lineal","3","21:46:39","33","1","30","3","0","36.5798"
"25052025213433","Lineal","3","21:46:59","39","2","35","3","1","41.7599"
"25052025213433","Lineal","3","21:47:19","50","3","46","3","1","46.1598"
"25052025213433","Lineal","3","21:47:39","58","4","53","4","2","52.4198"
"25052025213433","Lineal","3","21:47:59","66","4","61","4","2","61.4397"
"26052025151631","Lineal","1","15:17:18","21","8","4","2","0","12.78"
"26052025151631","Lineal","1","15:17:38","68","14","15","2","0","20.7"
"26052025151631","Lineal","1","15:17:58","108","22","28","3","0","32.86"
"26052025151631","Lineal","1","15:18:18","169","30","38","4","0","41.32"
"26052025151631","Lineal","1","15:18:38","229","38","49","5","0","51.44"
"26052025151631","Lineal","1","15:18:58","295","49","58","6","0","60.8"
"26052025151631","Lineal","1","15:19:18","359","57","70","7","0","68.1999"
"26052025151631","Lineal","1","15:19:38","431","67","77","8","0","80.6399"
"26052025151631","Lineal","1","15:19:58","493","76","86","8","1","87.8798"
"26052025202402","Lineal","2","20:29:27","0","0","0","2","0","0"
"26052025202402","Lineal","2","20:29:47","0","2","0","1","2","0"
"27052025142840","Lineal","2","14:37:56","11","1","9","2","0","4.60001"
"27052025142840","Lineal","2","14:38:16","19","4","12","3","0","6.57999"
"27052025142840","Lineal","2","14:38:36","35","8","14","3","0","8.53995"
"27052025142840","Lineal","2","14:38:56","50","13","17","2","0","10.38"
"27052025142840","Lineal","2","14:39:16","59","14","19","2","0","11"
"27052025142840","Lineal","2","14:39:36","86","19","23","1","0","14.92"
"27052025142840","Lineal","2","14:39:56","166","31","35","1","0","29.2401"
"27052025142840","Lineal","2","14:40:16","232","36","48","2","0","43.3"
"27052025142840","Lineal","2","14:40:36","292","45","58","3","0","54.7201"
"28052025193401","Exponencial","1","19:35:16","44","5","4","2.25","0","51.18"
"28052025193401","Exponencial","1","19:35:36","58","10","9","2.25","0","56.1599"
"28052025193401","Exponencial","1","19:35:56","77","10","17","2.25","0","62.4999"
"28052025193401","Exponencial","1","19:36:16","90","14","22","3.375","1","68.2"
"28052025193401","Exponencial","1","19:36:36","107","15","27","3.375","1","73.3599"
"28052025193401","Exponencial","1","19:36:56","121","18","31","3.375","2","85.8999"
"28052025193401","Exponencial","1","19:37:16","141","22","38","3.375","2","94.3599"
"28052025193401","Exponencial","1","19:37:36","155","23","43","3.375","2","98.3399"
"30052025181056","Lineal","3","18:22:23","9","3","4","2","0","5.81995"
"30052025181056","Lineal","3","18:22:43","17","4","11","2","0","12.5"
"30052025181056","Lineal","3","18:23:03","24","4","18","2","0","16.92"
"30052025181056","Lineal","3","18:23:23","33","5","26","2","1","30.68"
"30052025181056","Lineal","3","18:23:43","42","5","34","3","1","40.5801"
"30052025181056","Lineal","3","18:24:03","50","5","43","4","1","47.5"
"30052025181056","Lineal","3","18:24:23","64","11","51","5","4","58.7198"
"30052025181056","Lineal","3","18:24:43","78","11","62","6","4","64.0799"
"30052025181056","Lineal","3","18:25:03","89","12","69","7","4","72.68"
